<?xml version="1.0" encoding="UTF-8"?>
<beans:beans xmlns:xsi="http://www.w3.org/2001/XMLSchema-instance"
	xmlns:beans="http://www.springframework.org/schema/beans"
	xmlns="http://www.springframework.org/schema/security"
	xmlns:context="http://www.springframework.org/schema/context"
	xmlns:jdbc="http://www.springframework.org/schema/jdbc"
	xmlns:mongo="http://www.springframework.org/schema/data/mongo"
	xsi:schemaLocation="http://www.springframework.org/schema/security http://www.springframework.org/schema/security/spring-security-4.1.xsd
		http://www.springframework.org/schema/jdbc http://www.springframework.org/schema/jdbc/spring-jdbc-4.2.xsd
		http://www.springframework.org/schema/beans http://www.springframework.org/schema/beans/spring-beans.xsd
		http://www.springframework.org/schema/context http://www.springframework.org/schema/context/spring-context.xsd
		http://www.springframework.org/schema/data/mongo http://www.springframework.org/schema/data/mongo/spring-mongo-1.8.xsd">

	<global-method-security pre-post-annotations="enabled" authentication-manager-ref="x509AuthenticationManager"/>
	<!-- secure the application´s urls with the specific Role -->
	<!-- <http pattern="/sslTest" use-expressions="true" auto-config="true" authentication-manager-ref="customAuthenticationProvider" entry-point-ref="forbiddenAuthEntryPoint"> -->
	<http pattern="/import" use-expressions="true" auto-config="true" entry-point-ref="forbiddenAuthEntryPoint">
		<!-- custom X.509 filter  -->
		<!-- <custom-filter position="X509_FILTER" ref="myX509AuthenticationFilter" /> -->
		<intercept-url pattern="/" access="permitAll" method="POST" requires-channel="https"/>
		<csrf disabled="true"/>
		<!-- <x509 subject-principal-regex="CN=(.*?)," user-service-ref="httpsUserDetailsService" /> -->
	</http>
	<http use-expressions="true" auto-config="true" authentication-manager-ref="loginAuthenticationManager">
		<!-- <access-denied-handler error-page="/accessdenied"/> -->
		<intercept-url access="permitAll" pattern="/search"/>
		<intercept-url access="permitAll" pattern="/login"/>
		<intercept-url access="permitAll" pattern="/logout"/>
		<intercept-url access="permitAll" pattern="/signup"/>
		<intercept-url access="permitAll" pattern="/accessdenied"/>
		<intercept-url access="hasAnyRole('ROLE_USER', 'ROLE_ADMIN', 'ROLE_CAMPAIGN')" pattern="/listCampaigns"/>
		<intercept-url access="hasRole('ROLE_USER', 'ROLE_ADMIN')" pattern="/listUsers"/>
		<intercept-url access="hasAnyRole('ROLE_USER', 'ROLE_ADMIN', 'ROLE_CAMPAIGN')" pattern="/menu"/>
		<intercept-url access="hasAnyRole('ROLE_USER', 'ROLE_ADMIN', 'ROLE_CAMPAIGN')" pattern="/*" requires-channel="any"/>
		<form-login login-processing-url="/j_spring_security_check"
					authentication-failure-url="/accessdenied"
					default-target-url="/menu"
					login-page="/login"
					password-parameter="j_password"
					username-parameter="j_userid"/>
		<logout logout-url="/j_spring_security_logout" logout-success-url="/logout"/>
	</http>
	
	<authentication-manager id="loginAuthenticationManager">
		<authentication-provider user-service-ref="service_UserDetails">
			<password-encoder hash="plaintext" />
		</authentication-provider>
	</authentication-manager>
	
	<!-- 
	<beans:bean id="customAuthenticationProvider" class="kaist.gs1.pms.MyAuthProvider"/>
	<authentication-manager id="x509AuthenticationManager">
		<authentication-provider ref="customAuthenticationProvider">
		</authentication-provider> 
	</authentication-manager>
	-->
	
	<beans:bean id="forbiddenAuthEntryPoint" class="org.springframework.security.web.authentication.Http403ForbiddenEntryPoint" />
 
 <!-- 
   <beans:bean id="myX509AuthenticationFilter" class="org.springframework.security.web.authentication.preauth.x509.X509AuthenticationFilter">
      <beans:property name="principalExtractor">
         <beans:bean class="kaist.gs1.pms.MyX509PrincipalExtractor" />
      </beans:property>
      <beans:property name="authenticationManager" ref="x509AuthenticationManager" />
   </beans:bean>
     -->
	<context:component-scan base-package="kaist.gs1.pms" />
</beans:beans>
